Fraction,N_pos,Correct,Total,Acc
0.001,4000,4131,8000,0.4987068154521527
0.002,4000,4017,8000,0.4844474901239671
0.005,4000,4176,8000,0.5043394507449952
0.01,4000,5127,8000,0.6239135241388869
0.02,4000,6584,8000,0.8095059735439509
0.05,4000,7084,8000,0.8742422387969876
0.1,4000,7278,8000,0.8996192955882005
0.2,4000,7444,8000,0.9215090496887031
0.3,4000,7461,8000,0.923762465854578
0.4,4000,7493,8000,0.9280111587274333
0.5,4000,7549,8000,0.9354705245805901
0.6,4000,7580,8000,0.9396145902135646
0.9,4000,7608,8000,0.9433679860536927
1.0,4000,7615,8000,0.9443078849377735
